"id","income","risk_score","default"
1,1719.76217672389,0.159673980204388,0
2,1884.91125525836,0.144515851279721,0
3,2779.35415707456,0.149180392036214,0
4,2035.25419571229,0.514434259850532,0
5,2064.64386758047,0.492827306268737,0
6,2857.53249344164,0.616342768538743,0
7,2230.4581029946,0.447422890691087,0
8,1367.46938269673,0.0556767152156681,0
9,1656.57357405324,0.00539630954153836,0
10,1777.16901495002,0.221834201132879,0
11,2612.04089871973,0.850963223958388,1
12,2179.90691352868,0.267346206121147,0
13,2200.38572529703,0.598600273253396,0
14,2055.34135797256,0.608599697239697,0
15,1722.07943262296,0.992158440407366,1
16,2893.45656840154,0.191189960809425,0
17,2248.92523911462,0.753390584606677,1
18,1016.69142168518,0.242387337144464,0
19,2350.67795078184,0.327452220022678,0
20,1763.60429613603,0.00353549467399716,0
21,1466.08814700658,0.997424143599346,1
22,1891.01254267085,0.438059504376724,0
23,1486.99777584638,0.997688744915649,1
24,1635.55438535443,0.196719169151038,0
25,1687.48036607537,0.111476795747876,0
26,1156.65334462879,0.250736450543627,0
27,2418.89352224726,0.680476603098214,0
28,2076.68655891826,0.577254296746105,0
29,1430.93153149403,0.416347296210006,0
30,2626.90746053496,0.729181243572384,1
31,2213.23211073841,0.574189733015373,0
32,1852.46425850386,0.5776351490058,0
33,2447.56283052251,0.589999127434567,0
34,2439.06674376652,0.222928340081125,0
35,2410.79054081874,0.103492298629135,0
36,2344.32012705005,0.736506026936695,1
37,2276.95882676879,0.612403756240383,0
38,1969.04414471164,0.951212360523641,1
39,1847.01866813004,0.959875865606591,1
40,1809.76449949381,0.744836050085723,1
41,1652.64651053974,0.434830145677552,0
42,1896.0413609902,0.174775137333199,0
43,1367.30182421587,0.435288068838418,0
44,3084.47798266926,0.762458187760785,1
45,2603.9809991525,0.919029311044142,1
46,1438.44570839833,0.906697582919151,1
47,1798.55758235046,0.815512828994542,1
48,1766.67232318839,0.199752942658961,0
49,2389.98255916816,0.049625585321337,0
50,1958.31546676409,0.478948525618762,0
51,2126.65925699738,0.590393368853256,0
52,1985.72662232565,0.0966202358249575,0
53,1978.56477135434,0.950890234904364,1
54,2684.30114200723,0.162743138615042,0
55,1887.11450717037,0.921506262617186,1
56,2758.23530221477,0.127775072818622,0
57,1225.62359788489,0.662739590508863,0
58,2292.30687481803,0.784041927428916,1
59,2061.92712192231,0.764613161794841,1
60,2107.97078437199,0.672570310533047,0
61,2189.81974137994,0.115665902383626,0
62,1748.83827344535,0.851301487535238,1
63,1833.39630816529,0.617961594834924,0
64,1490.71230844646,0.836411555996165,1
65,1464.10438676221,0.169928224757314,0
66,2151.76432070213,0.0102812200784683,0
67,2224.10488931471,0.323469731258228,0
68,2026.50211336525,0.269682724494487,0
69,2461.13373393987,0.825261356076226,1
70,3025.04234281357,0.933661737013608,1
71,1754.48441697173,0.127791483653709,0
72,845.415562179594,0.913337606238201,1
73,2502.86926223113,0.605233947746456,0
74,1645.3996187088,0.400285166455433,0
75,1655.99569176632,0.665795303415507,0
76,2512.78568484835,0.767599277198315,1
77,1857.6134964745,0.521895700134337,0
78,1389.64114387273,0.394507517106831,0
79,2090.65173987458,0.965786833548918,1
80,1930.55431878048,0.0489855406340212,0
81,2002.88209294994,0.153308271663263,0
82,2192.64020056317,0.696839065523818,0
83,1814.6699841038,0.727785873226821,1
84,2322.18827425942,0.108379415469244,0
85,1889.75671909062,0.464568545576185,0
86,2165.89098195785,0.642125536222011,0
87,2548.41950657467,0.397110937861726,0
88,2217.5907454169,0.990430257050321,1
89,1837.03420723439,0.678708809893578,0
90,2574.40380922555,0.315318457549438,0
91,2496.75192798106,0.153769260039553,0
92,2274.19847975403,0.301251735771075,0
93,2119.36586755572,0.0945155306253582,0
94,1686.04696198031,0.0268755068536848,0
95,2680.326224265,0.310483304318041,0
96,1699.87020642644,0.742438868619502,1
97,3093.66649650829,0.960092212306336,1
98,2766.30531309259,0.415802662726492,0
99,1882.14982044976,0.522235407261178,0
100,1486.78954984661,0.0675197287928313,0
101,1644.79671815035,0.629841805435717,0
102,2128.44185457826,0.353413787204772,0
103,1876.65406076881,0.42471465212293,0
104,1826.22870030113,0.963768790708855,1
105,1524.19071636749,0.680998486932367,0
106,1977.48613759554,0.718463884433731,1
107,1607.54776527146,0.170629765372723,0
108,1166.02903170593,0.203609089134261,0
109,1809.88673985612,0.876549711916596,1
110,2459.49830453038,0.837522525573149,1
111,1712.3265186958,0.720627042464912,1
112,2303.98216111252,0.28106337110512,0
113,1191.05864585542,0.209990896750242,0
114,1972.21901723773,0.49415031960234,0
115,2259.70360197173,0.521752808243036,0
116,2150.57668108336,0.219831811729819,0
117,2052.83809707447,0.763106702361256,1
118,1679.64699584731,0.0245196530595422,0
119,1575.14782698321,0.711485945153981,1
120,1487.93560469754,0.840887599159032,1
121,2058.82329855006,0.930821072077379,1
122,1526.2626929076,0.662091647274792,0
123,1754.72127814967,0.269942219369113,0
124,1871.95390390088,0.21823346032761,0
125,2921.9310026161,0.867818171158433,1
126,1674.02504915227,0.0245715517085046,0
127,2117.69328614243,0.850026724394411,1
128,2038.98042478186,0.523933076998219,0
129,1519.07168293494,0.435462701832876,0
130,1964.3459569382,0.931294746464118,1
131,2722.27542921167,0.164550395915285,0
132,2225.75202653961,0.378788392059505,0
133,2020.61646099647,0.138044937048107,0
134,1788.75158383019,0.149721077177674,0
135,973.376389229742,0.676447247387841,0
136,2565.66860670709,0.562116155866534,0
137,1269.67996453759,0.471648442791775,0
138,2369.97375543867,0.811100168619305,1
139,2954.55178460874,0.962388532236218,1
140,1278.0534195141,0.515409884043038,0
141,2350.89216768736,0.703722769627348,1
142,1868.90125529877,0.180879510007799,0
143,1213.92792042726,0.35496694711037,0
144,1242.66617310912,0.0499027892947197,0
145,1199.2319132127,0.152553702704608,0
146,1734.54673891485,0.0992717186454684,0
147,1269.12220750205,0.280148076126352,0
148,2343.95838648791,0.387450202135369,0
149,3050.05447026284,0.634158786386251,0
150,1356.48476198241,0.707063608802855,1
151,2393.86942373759,0.326018318766728,0
152,2384.52112050045,0.965183315100148,1
153,2166.10128947506,0.696454447461292,0
154,1495.8116958615,0.161078194156289,0
155,1940.27369668467,0.369062241632491,0
156,1859.80233241488,0.30221775919199,0
157,2281.49476661024,0.457965767476708,0
158,1813.78062194809,0.823282746365294,1
159,2488.48669334281,0.232539350865409,0
160,1812.70957111649,0.402322225272655,0
161,2526.35573278967,0.971612802939489,1
162,1475.41149666697,0.124420745996758,0
163,1369.92237762094,0.63029007660225,0
164,3620.5199674712,0.703867005882785,1
165,1791.57120591978,0.591200284194201,0
166,2149.11379577036,0.996516271261498,1
167,2318.28483701692,0.0453361014369875,0
168,1758.10968714563,0.990072537912056,1
169,2258.4310221568,0.745306309312582,1
170,2184.48226369254,0.436749597778544,0
171,1892.30974617915,0.153006548760459,0
172,2032.64651676266,0.448865175480023,0
173,1982.96637313077,0.18632471258752,0
174,3064.22594950809,0.426548582501709,0
175,1629.33195186359,0.820779866538942,1
176,1452.00186646267,0.0503789142239839,0
177,2018.89419958554,0.325382151640952,0
178,2155.24037472157,0.842411929508671,1
179,2218.26173945509,0.0401997929438949,0
180,1770.81733364445,0.791872961213812,1
181,1468.3369330144,0.961628437507898,1
182,2631.59258804474,0.660920487483963,0
183,1825.17480602322,0.00871741911396384,0
184,1567.24356867331,0.465789224253967,0
185,1881.86021552945,0.716613848693669,1
186,1901.41205282572,0.0281821098178625,0
187,2554.96014485682,0.845482558710501,1
188,2042.3686460986,0.746415409026667,1
189,2377.02689259226,0.26403076434508,0
190,1750.35399141387,0.745913676219061,1
191,2107.2226547908,0.671582471346483,0
192,1837.65704425458,0.172052733367309,0
193,2047.29176408679,0.669716468313709,0
194,1552.31832101123,0.930354031501338,1
195,1344.59923333601,0.850974758388475,1
196,2998.60669237398,0.781073235208169,1
197,2300.35441183621,0.685842331266031,0
198,1374.36431918753,0.591369112022221,0
199,1694.41704165979,0.403273216914386,0
200,1407.25995770134,0.128348112571985,0
201,3099.40517444186,0.82016446441412,1
202,2656.20648821676,0.716720472322777,1
203,1867.42747165182,0.788324852474034,1
204,2271.59702961604,0.0183160011656582,0
205,1792.83002604057,0.174490140983835,0
206,1761.87655269221,0.598648968385532,0
207,1605.69858107488,0.0806388228666037,0
208,1702.69136627024,0.707315941806883,1
209,2825.45373366835,0.563668774208054,0
210,1972.98593745728,0.282807909185067,0
211,2059.62261821379,0.392056765733287,0
212,2121.84371479955,0.672728167846799,0
213,2616.23793924267,0.162179667269811,0
214,1741.96808452761,0.108501903479919,0
215,1503.74642480398,0.533444229979068,0
216,2837.84846620159,0.103199100354686,0
217,1779.41839154736,0.0934180852491409,0
218,1638.46701503006,0.639925142051652,0
219,1381.86344055835,0.564042437123135,0
220,1357.6421388411,0.305536519503221,0
221,1713.01326035101,0.266009031329304,0
222,2308.99290858326,0.632500789593905,0
223,2554.92406946486,0.830757833551615,1
224,2353.79417691779,0.0513556152582169,0
225,1818.17135145237,0.99233503616415,1
226,2029.8749686923,0.0220871928613633,0
227,1647.70176815997,0.179838889045641,0
228,1641.39091921299,0.328692074865103,0
229,2442.32524948846,0.854895716765895,1
230,1492.20371069823,0.184360313229263,0
231,2977.64698274623,0.795356702525169,1
232,1954.84020301707,0.858852138277143,1
233,2107.26941331461,0.472019533859566,0
234,1630.73614763021,0.648202839307487,0
235,1712.80565511837,0.32504168455489,0
236,1341.49193384738,0.46613745810464,0
237,1908.53730581364,0.94240728369914,1
238,2209.49120246223,0.245464298641309,0
239,2162.15217208069,0.0224570592399687,0
240,1609.23175647262,0.967071830527857,1
241,1605.689014573,0.260048856958747,0
242,1748.90064082857,0.654107216512784,0
243,2748.03033492318,0.0753812375478446,0
244,1431.34818966713,0.969246099004522,1
245,1910.4742028099,0.918539323844016,1
246,2951.18091083946,0.868152536218986,1
247,1949.5125573356,0.424378974828869,0
248,1320.0796480893,0.781031975988299,1
249,1667.61528236297,0.299905892694369,0
250,2242.72998945244,0.289452788420022,0
251,1812.19856416511,0.999273833120242,1
252,1719.06181822511,0.98703720793128,1
253,1828.04138293577,0.480046341195703,0
254,2045.24832356961,0.762275066226721,1
255,2799.25438557291,0.328611925011501,0
256,1955.71744393056,0.236238847253844,0
257,2540.39974807576,0.617860030382872,0
258,2315.37705782528,0.340449265437201,0
259,1943.18005224693,0.0583910276181996,0
260,1233.5489985547,0.981945822248235,1
261,1739.44134122374,0.688040121691301,0
262,1755.06477343076,0.862182220909745,1
263,2023.57721638076,0.461695483652875,0
264,2650.09933883341,0.126027198508382,0
265,3146.53948691555,0.680295445257798,0
266,2773.79052949188,0.0199487851932645,0
267,1933.42451783553,0.162958639673889,0
268,1121.73630222118,0.89581583510153,1
269,1805.61006796413,0.153157744556665,0
270,2044.60361153665,0.258641593623906,0
271,2422.50650203372,0.244024680228904,0
272,2481.26398424214,0.311864907387644,0
273,2342.15471470823,0.221246689558029,0
274,1302.36282510027,0.0305468428414315,0
275,2424.82152281668,0.9030366090592,1
276,1776.72139178639,0.959397464292124,1
277,2087.40135008063,0.942848661448807,1
278,2037.27558858687,0.453300039982423,0
279,2214.08338248525,0.437665002420545,0
280,2012.33749141307,0.0501661477610469,0
281,1166.26245120717,0.359821268357337,0
282,2368.24798238672,0.896644064690918,1
283,2193.01328417484,0.371063167229295,0
284,1867.17418736089,0.503285011276603,0
285,2059.07225552334,0.527599306078628,0
286,2067.01932268423,0.170270065078512,0
287,2110.5097342805,0.53859877679497,0
288,2820.42308298874,0.11049344507046,0
289,1890.47481053326,0.614105034386739,0
290,2084.03269194233,0.544976426986977,0
291,2584.19193653455,0.22762869251892,0
292,2527.09051168846,0.901508652605116,1
293,2572.63155519018,0.198526436695829,0
294,1711.26599947022,0.421812117565423,0
295,3001.24136514641,0.884361858014017,1
296,2033.35043546509,0.238200846593827,0
297,2933.42592235343,0.291630598250777,0
298,1324.54865698464,0.876395269529894,1
299,2010.49179317712,0.619072475004941,0
300,2624.95728548461,0.857298753689975,1
301,1642.3789063886,0.477284332504496,0
302,1623.65551589113,0.894230959936976,1
303,1530.73064819655,0.169069356750697,0
304,1473.74336033063,0.621070137713104,0
305,1781.4202334098,0.722760529723018,1
306,2165.58958647949,0.190216163406149,0
307,992.89475103964,0.568715502275154,0
308,2105.99021668615,0.671531327534467,0
309,2618.33752320829,0.919210898689926,1
310,3018.78700912022,0.325559697812423,0
311,2650.58799610029,0.546752070309594,0
312,2378.38738189798,0.00499117863364518,0
313,1136.63480044284,0.370116141391918,0
314,1699.24664599661,0.637621424626559,0
315,1823.97677170869,0.609607010148466,0
316,2351.76195137845,0.818292169133201,1
317,1947.16433299811,0.117891796631739,0
318,1370.67568596991,0.66335767111741,0
319,2842.21785404706,0.201607255265117,0
320,2455.69564589798,0.586859541479498,0
321,2118.71513624551,0.695069978712127,0
322,2609.05430516291,0.528288147877902,0
323,1330.61285638251,0.369521510088816,0
324,2330.4101488949,0.698472405551001,0
325,1738.54381184329,0.47370445728302,0
326,2341.87276092536,0.230807848041877,0
327,1969.58902266996,0.454134696628898,0
328,2316.48035651573,0.0791919191833586,0
329,2667.7588075297,0.257680573733523,0
330,2003.64504515845,0.554080500733107,0
331,2508.77931847605,0.0217597931623459,0
332,1405.78298242601,0.211102063767612,0
333,1639.19777978199,0.636393392225727,0
334,2759.60885569409,0.716973771108314,1
335,2188.69398651196,0.776862405473366,1
336,973.888589783135,0.0732085653580725,0
337,1317.98127395881,0.0987483714707196,0
338,1899.60949220544,0.94639556040056,1
339,2432.88970216724,0.930883407825604,1
340,1949.05837214239,0.921451541595161,1
341,2312.09373601033,0.649938648333773,0
342,2479.50268889391,0.156350366072729,0
343,2835.52741443147,0.91014366876334,1
344,2028.00836663748,0.922061887802556,1
345,1974.00904690955,0.169240613933653,0
346,1123.38132042887,0.0733673155773431,0
347,2049.66379704391,0.566228931071237,0
348,1714.07497105222,0.365405296906829,0
349,1512.99520859795,0.460166618926451,0
350,1910.04688447623,0.46473691239953,0
351,2507.47158637183,0.77890710812062,1
352,1003.62575565571,0.823666376294568,1
353,1786.36035639729,0.282355052186176,0
354,2058.31864179135,0.729978314135224,1
355,1553.39621497252,0.495971685973927,0
356,2166.95147124961,0.0662683011032641,0
357,2205.71496030787,0.0376478305552155,0
358,1983.481920362,0.237585074035451,0
359,767.050903119986,0.218396110227332,0
360,3285.72907293332,0.422386274905875,0
361,1897.3503712659,0.549751633079723,0
362,2325.59664079383,0.713737604673952,1
363,2136.88324551827,0.23999410867691,0
364,2512.33661740918,0.895682013127953,1
365,2408.82972318704,0.482623788062483,0
366,1895.10341438575,0.262847001897171,0
367,2189.08388610425,0.319918760331348,0
368,1527.29558443805,0.66430197423324,0
369,2428.46150544966,0.728051361395046,1
370,1769.48083055782,0.571435950929299,0
371,3208.38667689411,0.878695076331496,1
372,1174.47555215591,0.409203278832138,0
373,1768.00637851699,0.205395789584145,0
374,2412.68993137962,0.470820417162031,0
375,2255.06627343933,0.379407775355503,0
376,1705.2594807425,0.247564962366596,0
377,1501.60962889624,0.925032525788993,1
378,2072.23785235535,0.466174706583843,0
379,1992.84629341654,0.0139416833408177,0
380,1104.85938136797,0.94322473811917,1
381,2017.27553356693,0.374545655446127,0
382,2095.11515784623,0.00804153550416231,0
383,2087.36319849092,0.980524503393099,1
384,1472.49147869866,0.377540055895224,0
385,2238.06663915131,0.985867554787546,1
386,2689.28506847962,0.139616390690207,0
387,2228.11820158991,0.562218103092164,0
388,1432.20576481283,0.794360194355249,1
389,1782.17726515405,0.193901368649676,0
390,2173.0518097768,0.71069850306958,1
391,1676.47718434087,0.565708020003513,0
392,921.176832492361,0.0101157331373543,0
393,2442.1254100141,0.256950867827982,0
394,1585.26119418774,0.470981482882053,0
395,1713.21986461586,0.926862747175619,1
396,2751.95030450227,0.995291978819296,1
397,1612.9275351973,0.209982300410047,0
398,2422.86577009465,0.545186908217147,0
399,1369.65856059061,0.645392872393131,0
400,1822.72879846301,0.90110798063688,1
401,1963.22199043176,0.73232174734585,1
402,1415.67428778782,0.609710701974109,0
403,1682.62586754555,0.224372133612633,0
404,1985.57922353584,0.916171013377607,1
405,2335.34798436697,0.802761024795473,1
406,1174.72672828745,0.312408612575382,0
407,1825.12288039437,0.227251196280122,0
408,2378.20321927274,0.657595203956589,0
409,1730.5954200112,0.735731156310067,1
410,2113.64596083647,0.465094254584983,0
411,2246.11428503222,0.863605329301208,1
412,2133.91750766584,0.675000583287328,0
413,2326.62883973569,0.161467888858169,0
414,1938.64566951131,0.0120903067290783,0
415,1793.16174320394,0.866068027447909,1
416,678.425523985511,0.100712787825614,0
417,1953.52949076026,0.312232244526967,0
418,2215.14234817999,0.434495053021237,0
419,2267.69942043407,0.615756064187735,0
420,1722.36082434337,0.339224056806415,0
421,2889.75145488757,0.579978102818131,0
422,2143.21220981441,0.829674802720547,1
423,2063.15792922944,0.334618145599961,0
424,2636.13338973426,0.382018996169791,0
425,1640.76688934037,0.605689934687689,0
426,1774.83068803764,0.495735892094672,0
427,3198.72624002488,0.10926788370125,0
428,2005.56459361044,0.84592829993926,1
429,2816.78421070415,0.44585653510876,0
430,1280.74667754274,0.750375904841349,1
431,1904.74159897855,0.795538619626313,1
432,2189.21195181842,0.390698857139796,0
433,2150.0192726029,0.0148478888440877,0
434,1497.18187024458,0.743414826691151,1
435,2009.62963731269,0.0683851786889136,0
436,1461.28967344401,0.532020630780607,0
437,2356.35166262214,0.122630413854495,0
438,2542.38754493032,0.675769999157637,0
439,887.506151756294,0.0560200677718967,0
440,2617.84673115007,0.798009385820478,1
441,1379.47775159575,0.662604964571074,0
442,2227.38463449132,0.24424139666371,0
443,2329.9513190713,0.160372437210754,0
444,1900.05508594928,0.057999900309369,0
445,1677.4430215701,0.0152111938223243,0
446,2082.66051062102,0.833354771602899,1
447,2219.40935035723,0.2618772177957,0
448,2441.65140997435,0.055414826143533,0
449,973.831508049024,0.348033432848752,0
450,1181.81036597049,0.580218408955261,0
451,2715.20117059409,0.804218275705352,1
452,2523.31442355577,0.340265726437792,0
453,2217.64447445384,0.134850330883637,0
454,2357.58920355553,0.773612920194864,1
455,2458.5874588205,0.877237849868834,1
456,669.53860076716,0.987968035042286,1
457,2555.13854831941,0.654818585142493,0
458,1757.50620171884,0.254027303308249,0
459,2115.3084153156,0.6414555599913,0
460,1852.42109955821,0.450612380634993,0
461,2435.98247703937,0.196961197070777,0
462,1825.76377552219,0.606187485391274,0
463,2259.25188294412,0.974629749776796,1
464,1804.65751068051,0.199174381326884,0
465,1453.60639544925,0.434758973540738,0
466,2605.00525522013,0.339538734639063,0
467,2370.45000563714,0.0340082424227148,0
468,2862.13111957823,0.0991985632572323,0
469,2032.57696628965,0.419232832733542,0
470,2562.50137291409,0.0473383399657905,0
471,2987.70952700954,0.0265292769763619,0
472,1859.25894248052,0.1735120464582,0
473,1338.52444362239,0.378086534328759,0
474,1880.32421643094,0.588322784285992,0
475,1892.97938000731,0.336429670220241,0
476,2075.84025225466,0.49454828677699,0
477,2856.15248865964,0.752326674759388,1
478,1836.92805374733,0.169062111992389,0
479,2186.50232790246,0.843631636584178,1
480,1886.15796755223,0.320302856387571,0
481,2010.22535426252,0.233887216309085,0
482,2157.02883175313,0.309993565781042,0
483,2664.10734801849,0.789909963263199,1
484,2060.65918874539,0.254507749108598,0
485,2356.42116001556,0.922823525732383,1
486,2389.43001489177,0.148353497497737,0
487,2457.38663542782,0.216477806447074,0
488,1712.80272390781,0.626091811805964,0
489,2813.44060709734,0.257070173276588,0
490,1809.52163035299,0.707173747709021,1
491,1947.10791617512,0.742405218305066,1
492,2702.02513385709,0.262356393504888,0
493,2647.04195307279,0.572619807906449,0
494,1455.00406379438,0.915648627793416,1
495,1563.46449979127,0.70842005033046,1
496,1320.96047031469,0.844355070730671,1
497,2090.92359630992,0.91994241415523,1
498,2082.42043395923,0.294634674442932,0
499,2182.05734367753,0.6506526642479,0
500,2276.07885710928,0.141766190296039,0
501,1699.05357700749,0.853531681932509,1
502,1503.15070445064,0.666006616083905,0
503,2513.39252803745,0.733326679328457,1
504,2375.53065130316,0.314740349305794,0
505,1245.41673133565,0.667717940174043,0
506,1952.42627457536,0.463886711513624,0
507,1552.02608862175,0.650282931281254,0
508,964.624464729018,0.785775208147243,1
509,2075.06006559407,0.901704200776294,1
510,1960.39414537071,0.527407548157498,0
511,1951.31536624346,0.158109048381448,0
512,2108.07627090062,0.26961875311099,0
513,2441.23258219829,0.134540214436129,0
514,2102.79875224169,0.237557555316016,0
515,1691.78207856324,0.723056622082368,1
516,1632.60037403936,0.627125432249159,0
517,1934.09860347941,0.452364492695779,0
518,2155.00849328948,0.634306973544881,0
519,1480.15982364898,0.529496879549697,0
520,1907.84556557881,0.330106385750696,0
521,2483.63363008396,0.77073736069724,1
522,1945.85995438276,0.63498916872777,0
523,1650.7896662028,0.77436368400231,1
524,1862.02741578723,0.178849163930863,0
525,2557.32427268099,0.396402273792773,0
526,2275.02198060707,0.962715865811333,1
527,2618.3379000408,0.377313619246706,0
528,2069.54892858089,0.077554949792102,0
529,2205.13754824521,0.529335109051317,0
530,1720.77154382593,0.949723993660882,1
531,2302.68533446517,0.856113054091111,1
532,1746.83322890538,0.549436143832281,0
533,1289.71724765213,0.66495354170911,0
534,2063.99648284206,0.500448136590421,0
535,2972.92560886572,0.92407216085121,1
536,2400.45716978653,0.091927953530103,0
537,2582.62669497313,0.496953357476741,0
538,2179.42786154658,0.782224094029516,1
539,1695.72141084189,0.869846874149516,1
540,1898.87957244486,0.901552329305559,1
541,1863.37594659404,0.811382487881929,1
542,1765.65011010896,0.15372962737456,0
543,2352.08364196486,0.729758727829903,1
544,1401.31824881729,0.759502933127806,1
545,2433.18306605639,0.660819487413391,0
546,2432.07624311295,0.908035086235031,1
547,1400.68882046563,0.38978386647068,0
548,2319.74599895027,0.956978344824165,1
549,3215.11332617225,0.4565863693133,0
550,1721.3922590292,0.195008594542742,0
551,2422.45212070404,0.590719233034179,0
552,1608.8990771903,0.155398693401366,0
553,2555.3557091014,0.5194960788358,0
554,2124.91235996328,0.412839690921828,0
555,2825.95769581158,0.827216950245202,1
556,1270.51463573154,0.563095880206674,0
557,1974.35105693732,0.456475481856614,0
558,1736.5374119372,0.1923486252781,0
559,1901.36756546185,0.471946834819391,0
560,1685.210628657,0.23250024439767,0
561,1583.0782097325,0.314079710748047,0
562,2289.36118730822,0.866852045292035,1
563,1456.20964296154,0.444987307069823,0
564,2742.01546577814,0.433928418904543,0
565,1406.89670734312,0.472588081145659,0
566,2050.53957569764,0.833401712356135,1
567,2266.49464341324,0.0103411078453064,0
568,2293.36766954631,0.309129474451765,0
569,1849.12666806681,0.086152971489355,0
570,2039.7509976642,0.823007093043998,1
571,2480.63207590484,0.471107213757932,0
572,1271.76704146179,0.532335925614461,0
573,1609.13014423396,0.395395429106429,0
574,2160.20115715831,0.454437169479206,0
575,1777.6090108315,0.114900947082788,0
576,2685.0019969855,0.0310908427927643,0
577,2336.62693167742,0.0232108787167817,0
578,2036.08337620738,0.0775193453300744,0
579,1246.12134123166,0.361531095346436,0
580,2013.05011266312,0.761408725054935,1
581,1841.7920659015,0.743281641742215,1
582,1948.8267432397,0.0976922034751624,0
583,1409.22038647216,0.961905417498201,1
584,2249.32902191496,0.143204428488389,0
585,1480.52177984648,0.484661741182208,0
586,1886.8890092788,0.564910990186036,0
587,2190.71291472568,0.932305590482429,1
588,1608.24210549348,0.82002477068454,1
589,2291.49570284003,0.533083039568737,0
590,1341.74479917415,0.384468980366364,0
591,595.112660519729,0.545988312223926,0
592,2232.48399539293,0.796727934852242,1
593,2420.2699134805,0.62734336219728,0
594,1857.07728820431,0.103957000654191,0
595,2252.0631272958,0.191992509644479,0
596,1422.04173745816,0.842110433615744,1
597,1936.42569658717,0.479376612463966,0
598,1029.24081197969,0.777260588016361,1
599,2590.59044571926,0.818179134977981,1
600,2929.95543077158,0.296933939913288,0
601,2537.006130141,0.226709939306602,0
602,1986.32651679313,0.620357893174514,0
603,1983.33482886204,0.373875572811812,0
604,1241.96618842445,0.885972418123856,1
605,2395.19267194411,0.125531607773155,0
606,1894.63290965411,0.157996590714902,0
607,1671.62853731946,0.63846252579242,0
608,1293.98710367085,0.186130561865866,0
609,1850.11875167686,0.664508679648861,0
610,1575.46943249165,0.512025854550302,0
611,1801.48473983608,0.741619840497151,1
612,1391.2000061182,0.336513029644266,0
613,2843.79474147285,0.111268449574709,0
614,1991.99873639602,0.402289624325931,0
615,2537.47253863619,0.542698740260676,0
616,699.150164871174,0.740261287195608,1
617,1773.40108500258,0.172570080962032,0
618,1662.25885420396,0.586485426872969,0
619,1388.53691031704,0.49984654225409,0
620,2773.30457711205,0.9363585668616,1
621,1292.35904011526,0.910303110256791,1
622,2159.19513020401,0.152906609233469,0
623,2423.21814278985,0.307297505205497,0
624,2089.09509420901,0.69829416833818,0
625,1562.37226125224,0.763215241255239,1
626,2470.58290336208,0.509869654662907,0
627,2085.29404092042,0.226727172033861,0
628,1468.25104680898,0.165861424058676,0
629,1305.97547619897,0.316137150628492,0
630,3043.35871724657,0.0449410863220692,0
631,1660.74842729078,0.669568413402885,0
632,1072.21417304098,0.746277173282579,1
633,2266.62968137683,0.248533362522721,0
634,2155.11512803045,0.466953222174197,0
635,1323.0828321387,0.0442873267456889,0
636,1028.52179320902,0.0982659002766013,0
637,1941.8487414207,0.897094524232671,1
638,2569.69814585471,0.615148483077064,0
639,2318.06201759107,0.640710000181571,0
640,1753.53128791901,0.461002120980993,0
641,1582.90588420781,0.279731452930719,0
642,2135.53337837527,0.944950246019289,1
643,2078.67667360808,0.0230717244558036,0
644,2314.85587334636,0.177312726154923,0
645,1802.10102485555,0.971428127260879,1
646,2449.67702660155,0.799737756373361,1
647,1584.59423633188,0.999651014106348,1
648,1834.72764994002,0.260743452701718,0
649,2370.40726186295,0.582182658370584,0
650,2494.98580431356,0.072294166078791,0
651,1030.74764927331,0.802283700322732,1
652,2053.59520350808,0.880565365077928,1
653,2304.38950586732,0.889629539102316,1
654,1274.58784325468,0.0113270068541169,0
655,2240.31279993761,0.241400566184893,0
656,1585.9128648016,0.607268897583708,0
657,2510.12650608221,0.362720564939082,0
658,2269.24101605132,0.709208659362048,1
659,2384.5261474978,0.0420729606412351,0
660,2060.35966464352,0.657171030761674,0
661,2431.82421707888,0.230689442018047,0
662,2690.25726415727,0.272977372631431,0
663,2983.12400772782,0.73316377773881,1
664,1985.80247262547,0.178256200859323,0
665,875.474454833798,0.385634268634021,0
666,2015.763002297,0.68435456068255,0
667,2102.78060422499,0.415191047592089,0
668,1922.3273264278,0.542161838850006,0
669,2284.14431038854,0.455189880216494,0
670,2505.33898225713,0.127064438303933,0
671,1741.00878491609,0.0311842460650951,0
672,1852.95233642194,0.165653203846887,0
673,2198.92110440017,0.798880711663514,1
674,1724.88812925543,0.142388037405908,0
675,2045.63369174412,0.0744408417958766,0
676,1019.14620055735,0.028574007563293,0
677,1440.05013930119,0.417391903232783,0
678,1336.12226219794,0.8540280375164,1
679,1573.18815163638,0.330488940468058,0
680,1653.34773603467,0.444436515681446,0
681,2191.15257127319,0.413483235985041,0
682,2491.05650126132,0.351750784087926,0
683,1636.30823545623,0.927850279491395,1
684,1501.580508811,0.930054556345567,1
685,1479.15557050525,0.280263159889728,0
686,1792.70563681816,0.729309949558228,1
687,1880.48546592372,0.216784899588674,0
688,2241.80876691913,0.940247777383775,1
689,1839.33757891581,0.0642989731859416,0
690,960.755365569988,0.988668913953006,1
691,1954.28286222493,0.210208480246365,0
692,2593.59340532578,0.318532433127984,0
693,2595.80063425516,0.121769886463881,0
694,1605.51839094439,0.584214246133342,0
695,1226.11172818121,0.658343411516398,0
696,3229.03024593264,0.996165027609095,1
697,1918.78902876029,0.194067566888407,0
698,1951.27437494719,0.816496719140559,1
699,2210.28709434907,0.619452059967443,0
700,1192.98027169044,0.98560710856691,1
701,1635.89044440436,0.441791965160519,0
702,1229.778797355,0.724185222759843,1
703,1653.4526929947,0.0758486231788993,0
704,2059.42471650228,0.63034275197424,0
705,1317.64527100654,0.214586451416835,0
706,2294.99133968366,0.919127551838756,1
707,2144.67201440867,0.811952003277838,1
708,1547.89248718968,0.856115926988423,1
709,2113.16247119053,0.816757245920599,1
710,2374.04058124692,0.417101690312847,0
711,2530.54762663087,0.977549103787169,1
712,1893.57586067674,0.499363659881055,0
713,1953.18160304448,0.498571664560586,0
714,1956.64293250904,0.343472252134234,0
715,2720.73087802752,0.0673493940848857,0
716,2562.535946139,0.907365338876843,1
717,2417.20078387852,0.221119735622779,0
718,1856.32960007965,0.297663893084973,0
719,2186.6207170832,0.658542462624609,0
720,2201.64516561035,0.566619909601286,0
721,1479.16335285534,0.971292390022427,1
722,1135.84774233963,0.104932233225554,0
723,2320.91501382581,0.543798925820738,0
724,1235.34473440979,0.915372134884819,1
725,2000.84184424211,0.872937403619289,1
726,2125.12391067417,0.904538909206167,1
727,2281.93369515294,0.778780563501641,1
728,2094.71311875741,0.167171070119366,0
729,1633.57309685144,0.121384909143671,0
730,2493.18292994773,0.11829413054511,0
731,2869.31688345312,0.432067591231316,0
732,2440.58940446272,0.777386966859922,1
733,1028.17454933801,0.904098095139489,1
734,2699.78809270147,0.426466280128807,0
735,1971.97202690687,0.809511106228456,1
736,2262.45713965964,0.468375103781,0
737,2311.01661793553,0.678603097330779,0
738,1951.65696339665,0.758725884137675,1
739,1962.36840117564,0.683359615271911,0
740,2509.57853466545,0.84757961332798,1
741,2355.80096124312,0.311569909565151,0
742,2495.13112302212,0.182766802608967,0
743,3191.46334761516,0.0935201700776815,0
744,2332.20793184704,0.0147945936769247,0
745,2103.69057869265,0.902413302799687,1
746,894.68344471219,0.796052918070927,1
747,3345.85700162306,0.0777718985918909,0
748,1758.66158910185,0.101743090432137,0
749,3187.3673575477,0.173892091494054,0
750,2187.32178400249,0.528678020462394,0
751,2769.2150994484,0.73531401460059,1
752,1945.14483941188,0.118218665011227,0
753,2255.73537734906,0.103439392056316,0
754,2106.97898982113,0.55226346408017,0
755,1906.93965031325,0.290518567897379,0
756,1939.80308768875,0.440440524602309,0
757,2506.41716792213,0.118444304447621,0
758,1899.27092651425,0.921618608292192,1
759,981.1587527796,0.732589497929439,1
760,1902.05537558509,0.46153046307154,0
761,2269.89530276814,0.672314426861703,0
762,2308.22785817572,0.288494411157444,0
763,2308.28390873872,0.663445411249995,0
764,1153.94923956546,0.375068643130362,0
765,2184.3710290056,0.67092354176566,0
766,2483.92960497353,0.41272456292063,0
767,2638.28934073383,0.711320234229788,1
768,1887.51936447794,0.281075957231224,0
769,1839.0537069086,0.738704477902502,1
770,2743.91891593902,0.574921453837305,0
771,1166.03597711034,0.0244959855917841,0
772,1781.58501154344,0.36269472562708,0
773,2228.73103967873,0.440849272301421,0
774,1191.11311730939,0.403401952702552,0
775,2139.81393121588,0.544772167922929,0
776,2938.9320105261,0.863196505932137,1
777,1997.96967328183,0.765674656257033,1
778,1860.77298751821,0.0654219081625342,0
779,2237.45585701703,0.117517975857481,0
780,1860.46391460635,0.309788207290694,0
781,2406.70018703953,0.308678307104856,0
782,2452.21773222485,0.732336794724688,1
783,2001.34583061506,0.141491358866915,0
784,1411.65392112514,0.977573237614706,1
785,1340.88963627046,0.854799015913159,1
786,1703.50131717234,0.583923732163385,0
787,2398.69025027492,0.89956425386481,1
788,1020.89741267154,0.00934454309754074,0
789,1056.83742063373,0.784557086182758,1
790,1673.11008761995,0.907801477704197,1
791,2197.19742399029,0.110777559923008,0
792,1543.2169759175,0.46582100330852,0
793,2443.37451854803,0.674348260741681,0
794,2166.68498507759,0.465452460804954,0
795,1914.6801908807,0.875020541716367,1
796,2409.41406826589,0.401085536228493,0
797,2194.18258140968,0.56668514572084,0
798,1777.03248639392,0.653705746168271,0
799,2115.55746720908,0.285659729503095,0
800,2323.7566789888,0.891944850794971,1
801,2178.14167243102,0.138713344465941,0
802,1670.99489602526,0.5571941412054,0
803,2427.6011025321,0.252928426256403,0
804,2576.46811277931,0.0736061707139015,0
805,2138.13727827167,0.762648625299335,1
806,2072.05233123109,0.606368775945157,0
807,1962.18745961008,0.332993865245953,0
808,3080.70792315139,0.909663618775085,1
809,2138.1577660679,0.590027196798474,0
810,1920.85298565003,0.946425729431212,1
811,746.041098901373,0.902330538723618,1
812,1217.35911748473,0.386968038743362,0
813,1961.16339969472,0.718480994924903,1
814,2103.14702242155,0.827347054844722,1
815,2138.43622943081,0.913822044618428,1
816,2410.75339022431,0.130618798779324,0
817,1902.92379533977,0.0444170767441392,0
818,2607.29439724128,0.988233867799863,1
819,1539.24197856521,0.389479353791103,0
820,1395.77863977847,0.711053413106129,1
821,1385.50691122309,0.525940076913685,0
822,2371.14851209326,0.386901275254786,0
823,1958.54002883039,0.718566830735654,1
824,2394.90896091025,0.88018071744591,1
825,1866.14678922146,0.121160196373239,0
826,1704.05394889359,0.367052236804739,0
827,1815.82371243675,0.789931863546371,1
828,1073.69158787914,0.215600231895223,0
829,1415.19236979294,0.620726760942489,0
830,1278.98267682077,0.3777223569341,0
831,2527.16113598767,0.604035299969837,0
832,1701.3349543186,0.564518268220127,0
833,2394.72992639509,0.694443300133571,0
834,2758.24530084598,0.814143686555326,1
835,1904.11259544503,0.453684234526008,0
836,2141.93945317618,0.369964695069939,0
837,1124.46624030196,0.82265903824009,1
838,1590.6651112401,0.512624271446839,0
839,2028.10742469142,0.741581825306639,1
840,2149.54345166808,0.849338478175923,1
841,1620.30094135056,0.440299715381116,0
842,3342.4294996134,0.405908306594938,0
843,1770.80493045381,0.850917610805482,1
844,2032.12177831502,0.727024612016976,1
845,2324.89593357676,0.615070251515135,0
846,1986.990682613,0.700001063290983,1
847,1678.21630648644,0.748172963969409,1
848,2522.65283198165,0.26184764271602,0
849,2807.7726616036,0.276196651626378,0
850,1985.15301447508,0.199463771656156,0
851,2281.13367270153,0.942995996912941,1
852,1951.29375074868,0.27114568115212,0
853,2508.22760885108,0.498408649116755,0
854,1421.91630287007,0.036687881918624,0
855,3160.43011199724,0.801737232832238,1
856,1698.23437610583,0.405224565882236,0
857,1270.57529278095,0.460125905228779,0
858,1824.54108640347,0.931152150500566,1
859,2073.3542420725,0.389880725648254,0
860,2811.81060384011,0.745816369075328,1
861,2455.60483838566,0.783608496654779,1
862,2071.22921602289,0.20745625323616,0
863,1305.25823800592,0.0565267296042293,0
864,1566.98112766394,0.331513833720237,0
865,1918.35753388535,0.683805185602978,0
866,3276.5130567303,0.767774268286303,1
867,1069.88621289079,0.653049391461536,0
868,2565.52732592301,0.933803994208574,1
869,1736.38287138304,0.00351595156826079,0
870,2832.99544999371,0.378389092627913,0
871,1430.3996800133,0.643704051151872,0
872,2071.81161733137,0.0990726111922413,0
873,1450.22452914862,0.0150634618476033,0
874,2451.75821318084,0.148565070470795,0
875,2741.88974436904,0.745310313301161,1
876,2975.36050320058,0.852746750926599,1
877,2398.80032879476,0.324945457279682,0
878,2921.63312728891,0.266669508768246,0
879,2623.21195433082,0.243547442136332,0
880,1934.06254408799,0.956250291550532,1
881,2238.51861914235,0.497268739389256,0
882,1514.00289426203,0.694451575400308,0
883,1907.3989152995,0.915131913963705,1
884,2610.48185417441,0.608921787003055,0
885,2270.64207174118,0.262608857825398,0
886,2228.67866581266,0.918930737767369,1
887,1480.9344801564,0.711613078601658,1
888,1697.74338483294,0.0438285937998444,0
889,1617.69699312322,0.633507626829669,0
890,2197.64793500675,0.852732387837023,1
891,1504.74618476672,0.119095859350637,0
892,2281.02069504953,0.952037903247401,1
893,1441.79179403323,0.0408398597501218,0
894,2914.26522906768,0.170599981676787,0
895,2230.29567473905,0.0231534095946699,0
896,1649.49819387337,0.389909906545654,0
897,2120.52296625061,0.709277140907943,1
898,1823.77340038602,0.655755545711145,0
899,2185.57397987983,0.486142716836184,0
900,2121.76635938015,0.080723162740469,0
901,1492.94291366926,0.967884400626644,1
902,1604.34306059026,0.560272865230218,0
903,2149.79684236978,0.716906161280349,1
904,2819.52595437578,0.283424756024033,0
905,2542.30850433546,0.802252903580666,1
906,1687.71626319095,0.629219358321279,0
907,2412.96145082375,0.908960911910981,1
908,1975.71582362186,0.39612518902868,0
909,2150.6568258592,0.308284414000809,0
910,2130.18074536828,0.73169416305609,1
911,3287.7248818617,0.69500856846571,0
912,1407.35559470639,0.435300165554509,0
913,2050.45992950643,0.807519890367985,1
914,1110.01135601619,0.305613044882193,0
915,2294.91796147938,0.914555313298479,1
916,2548.3042358607,0.629829389508814,0
917,2722.83112055058,0.77716425806284,1
918,1037.42737408144,0.71714389231056,1
919,2206.38474859702,0.663176189409569,0
920,2796.68497569183,0.703092000680044,1
921,1792.99206847885,0.19263584795408,0
922,1893.92473395903,0.598078214563429,0
923,1981.73138889763,0.767170521896333,1
924,2182.50937571652,0.236375931883231,0
925,2332.57993787298,0.691556062549353,0
926,2658.91044185574,0.092239077668637,0
927,1952.2562047775,0.737041240325198,1
928,2098.13902273623,0.944681071443483,1
929,3243.99893861073,0.664087651763111,0
930,2215.5494640575,0.667415574658662,0
931,2094.37655466492,0.420021674362943,0
932,1328.87843735828,0.137966922484338,0
933,2001.42802381111,0.469365113647655,0
934,1889.33692341656,0.0937542426399887,0
935,1994.47708509531,0.754073351155967,1
936,1712.29117936442,0.366327905561775,0
937,1656.59217377865,0.568136381683871,0
938,1639.61318408994,0.383021314162761,0
939,1892.74774230011,0.203238700050861,0
940,2684.06632401431,0.535265385871753,0
941,2524.54331327966,0.38584724906832,0
942,1820.01244102847,0.862285359296948,1
943,1157.04177273063,0.0935635447967798,0
944,1577.70828573202,0.0634485378395766,0
945,1771.11973337975,0.166764037217945,0
946,2051.81900211415,0.935655231354758,1
947,1668.69636214959,0.442508975276724,0
948,3003.34034541595,0.674396282760426,0
949,1863.86623279082,0.0360779990442097,0
950,1393.02776488025,0.468421088065952,0
951,1929.36912135874,0.0456535702105612,0
952,1497.31120920329,0.620033693732694,0
953,2078.07785363766,0.864891988225281,1
954,2116.81680704493,0.195869160583243,0
955,2177.79380581419,0.282098453259096,0
956,1189.07087043789,0.865187088726088,1
957,2110.35564548532,0.0320350471884012,0
958,2155.22504027082,0.78235537535511,1
959,1289.44577624776,0.45506949396804,0
960,2477.68281986521,0.0801218885462731,0
961,2392.08543954717,0.906760870013386,1
962,3149.80968057722,0.189006654545665,0
963,2078.35149368786,0.746095868293196,1
964,2023.366763759,0.431564079830423,0
965,2048.29291704122,0.670532197225839,0
966,2034.88311545015,0.187451212666929,0
967,1075.76361233117,0.881743172882125,1
968,1164.43647067888,0.0488674484658986,0
969,1961.2305166044,0.220204886747524,0
970,1709.46630971675,0.261800466105342,0
971,2027.36826252871,0.767209904035553,1
972,944.395813369734,0.385962504195049,0
973,1250.65087273662,0.278573109069839,0
974,1449.25828053063,0.0776155120693147,0
975,2493.02911053012,0.500304862856865,0
976,1450.75499645494,0.451451449422166,0
977,1600.24302321173,0.986601613229141,1
978,2039.93690933703,0.14213434047997,0
979,1838.62681908745,0.833835751516744,1
980,2073.20858933398,0.0295294900424778,0
981,3152.53099102285,0.778758703731,1
982,1437.69816437088,0.228673940291628,0
983,1847.2651800451,0.133860118454322,0
984,1741.62027512813,0.190610923804343,0
985,2756.19771341623,0.215864639729261,0
986,1615.25753855486,0.934171392116696,1
987,1958.95654811214,0.988817654550076,1
988,2393.56680716135,0.310024928534403,0
989,1470.7047320258,0.13713087933138,0
990,2827.587907871,0.660985806724057,0
991,2337.88120773712,0.58491337671876,0
992,1462.89669523482,0.344065332552418,0
993,2227.28890452887,0.81395653844811,1
994,1893.34642838347,0.283183959545568,0
995,2156.61438599717,0.845841060625389,1
996,1955.01240149217,0.13702188548632,0
997,2535.25801838917,0.861947756260633,1
998,1324.44980714833,0.067120618885383,0
999,1738.69165140204,0.435208435403183,0
1000,1875.4046611223,0.680134959518909,0
